0,-1.5708,0,0,1.5708,-1.5708
-1.1008e-09,-1.5708,1.5665e-09,6.0893e-06,1.5708,-1.5708
-3.3026e-09,-1.5708,4.7e-09,1.8268e-05,1.5708,-1.5708
-6.6062e-09,-1.5708,9.4028e-09,3.6536e-05,1.5708,-1.5708
-1.1013e-08,-1.5708,1.5679e-08,6.0893e-05,1.5708,-1.5708
-1.6524e-08,-1.5708,2.3533e-08,9.1339e-05,1.5708,-1.5708
-2.3143e-08,-1.5708,3.2974e-08,0.00012787,1.5708,-1.5708
-3.0873e-08,-1.5708,4.401e-08,0.0001705,1.5708,-1.5708
-3.9718e-08,-1.5708,5.6651e-08,0.00021921,1.5708,-1.5708
-4.9681e-08,-1.5708,7.0911e-08,0.00027402,1.5708,-1.5708
-6.0768e-08,-1.5708,8.6802e-08,0.00033491,1.5708,-1.5708
-7.2984e-08,-1.5708,1.0434e-07,0.00040189,1.5708,-1.5708
-8.6336e-08,-1.5708,1.2354e-07,0.00047496,1.5708,-1.5708
-1.0083e-07,-1.5708,1.4443e-07,0.00055412,1.5708,-1.5708
-1.1647e-07,-1.5708,1.6702e-07,0.00063937,1.5708,-1.5708
-1.3328e-07,-1.5708,1.9134e-07,0.00073071,1.5708,-1.5708
-1.5124e-07,-1.5708,2.1741e-07,0.00082814,1.5708,-1.5708
-1.7039e-07,-1.5708,2.4526e-07,0.00093165,1.5708,-1.5708
-1.9071e-07,-1.5708,2.7491e-07,0.0010413,1.5708,-1.5708
-2.1224e-07,-1.5708,3.0639e-07,0.001157,1.5708,-1.5708
-2.3497e-07,-1.5708,3.3974e-07,0.0012787,1.5708,-1.5708
-2.5891e-07,-1.5708,3.7498e-07,0.0014066,1.5708,-1.5708
-2.8409e-07,-1.5708,4.1215e-07,0.0015406,1.5708,-1.5708
-3.1051e-07,-1.5708,4.5129e-07,0.0016806,1.5708,-1.5708
-3.3819e-07,-1.5708,4.9243e-07,0.0018268,1.5708,-1.5708
-3.6713e-07,-1.5708,5.356e-07,0.001979,1.5708,-1.5708
-3.9736e-07,-1.5708,5.8086e-07,0.0021373,1.5708,-1.5708
-4.2889e-07,-1.5708,6.2824e-07,0.0023017,1.5708,-1.5708
-4.6174e-07,-1.5708,6.7779e-07,0.0024722,1.5708,-1.5708
-4.9591e-07,-1.5708,7.2954e-07,0.0026488,1.5708,-1.5708
-5.3143e-07,-1.5708,7.8356e-07,0.0028315,1.5708,-1.5708
-5.6832e-07,-1.5708,8.3988e-07,0.0030202,1.5708,-1.5708
-6.0659e-07,-1.5708,8.9855e-07,0.0032151,1.5708,-1.5708
-6.4626e-07,-1.5708,9.5963e-07,0.003416,1.5708,-1.5708
-6.8735e-07,-1.5708,1.0232e-06,0.003623,1.5708,-1.5708
-7.2989e-07,-1.5708,1.0892e-06,0.0038362,1.5708,-1.5708
-7.741e-07,-1.5708,1.1588e-06,0.0040554,1.5708,-1.5708
-8.2004e-07,-1.5708,1.232e-06,0.0042806,1.5708,-1.5708
-8.6774e-07,-1.5708,1.309e-06,0.004512,1.5708,-1.5708
-9.1724e-07,-1.5708,1.3899e-06,0.0047495,1.5708,-1.5708
-9.6857e-07,-1.5708,1.4749e-06,0.004993,1.5708,-1.5708
-1.0218e-06,-1.5708,1.564e-06,0.0052427,1.5708,-1.5708
-1.0769e-06,-1.5708,1.6574e-06,0.0054984,1.5708,-1.5708
-1.134e-06,-1.5708,1.7553e-06,0.0057602,1.5708,-1.5708
-1.1931e-06,-1.5708,1.8578e-06,0.0060281,1.5708,-1.5708
-1.2542e-06,-1.5708,1.9651e-06,0.0063021,1.5708,-1.5708
-1.3175e-06,-1.5708,2.0773e-06,0.0065822,1.5708,-1.5708
-1.3829e-06,-1.5708,2.1947e-06,0.0068684,1.5708,-1.5708
-1.4505e-06,-1.5708,2.3173e-06,0.0071606,1.5708,-1.5708
-1.5203e-06,-1.5708,2.4454e-06,0.0074589,1.5708,-1.5708
-1.5925e-06,-1.5708,2.5792e-06,0.0077634,1.5708,-1.5708
-1.6671e-06,-1.5708,2.7188e-06,0.0080739,1.5708,-1.5708
-1.744e-06,-1.5708,2.8645e-06,0.0083905,1.5708,-1.5708
-1.8235e-06,-1.5708,3.0164e-06,0.0087131,1.5708,-1.5708
-1.9055e-06,-1.5708,3.1748e-06,0.0090419,1.5708,-1.5708
-1.9901e-06,-1.5708,3.3399e-06,0.0093767,1.5708,-1.5708
-2.0773e-06,-1.5708,3.5119e-06,0.0097177,1.5708,-1.5708
-2.1674e-06,-1.5708,3.6911e-06,0.010065,1.5708,-1.5708
-2.2602e-06,-1.5708,3.8777e-06,0.010418,1.5708,-1.5708
-2.3559e-06,-1.5708,4.0719e-06,0.010777,1.5708,-1.5708
-2.4546e-06,-1.5708,4.274e-06,0.011142,1.5708,-1.5708
-2.5563e-06,-1.5708,4.4843e-06,0.011514,1.5708,-1.5708
-2.6611e-06,-1.5708,4.703e-06,0.011891,1.5708,-1.5708
-2.7691e-06,-1.5708,4.9304e-06,0.012275,1.5708,-1.5708
-2.8804e-06,-1.5708,5.1669e-06,0.012664,1.5708,-1.5708
-2.9951e-06,-1.5708,5.4126e-06,0.01306,1.5708,-1.5708
-3.1132e-06,-1.5708,5.668e-06,0.013462,1.5708,-1.5708
-3.2348e-06,-1.5708,5.9333e-06,0.01387,1.5708,-1.5708
-3.36e-06,-1.5708,6.2088e-06,0.014283,1.5708,-1.5708
-3.489e-06,-1.5708,6.495e-06,0.014703,1.5708,-1.5708
-3.6218e-06,-1.5708,6.792e-06,0.01513,1.5708,-1.5708
-3.7585e-06,-1.5708,7.1004e-06,0.015562,1.5708,-1.5708
-3.8993e-06,-1.5708,7.4204e-06,0.016,1.5708,-1.5708
-4.0441e-06,-1.5708,7.7524e-06,0.016444,1.5708,-1.5708
-4.1932e-06,-1.5708,8.0969e-06,0.016895,1.5708,-1.5708
-4.3467e-06,-1.5708,8.4541e-06,0.017351,1.5708,-1.5708
-4.5046e-06,-1.5708,8.8246e-06,0.017814,1.5708,-1.5708
-4.6671e-06,-1.5708,9.2087e-06,0.018283,1.5708,-1.5708
-4.8343e-06,-1.5708,9.6069e-06,0.018757,1.5708,-1.5708
-5.0063e-06,-1.5708,1.002e-05,0.019238,1.5708,-1.5708
-5.1833e-06,-1.5708,1.0447e-05,0.019725,1.5708,-1.5708
-5.3654e-06,-1.5708,1.089e-05,0.020218,1.5708,-1.5708
-5.5527e-06,-1.5708,1.135e-05,0.020717,1.5708,-1.5708
-5.7454e-06,-1.5708,1.1825e-05,0.021222,1.5708,-1.5708
-5.9435e-06,-1.5708,1.2317e-05,0.021734,1.5708,-1.5708
-6.1474e-06,-1.5708,1.2827e-05,0.022251,1.5708,-1.5708
-6.357e-06,-1.5708,1.3355e-05,0.022774,1.5708,-1.5708
-6.5726e-06,-1.5708,1.3902e-05,0.023304,1.5708,-1.5708
-6.7943e-06,-1.5708,1.4468e-05,0.023839,1.5708,-1.5708
-7.0222e-06,-1.5708,1.5053e-05,0.024381,1.5708,-1.5708
-7.2567e-06,-1.5708,1.5659e-05,0.024928,1.5708,-1.5708
-7.4977e-06,-1.5708,1.6286e-05,0.025482,1.5708,-1.5708
-7.7456e-06,-1.5708,1.6934e-05,0.026042,1.5708,-1.5708
-8.0004e-06,-1.5708,1.7605e-05,0.026608,1.5708,-1.5708
-8.2624e-06,-1.5708,1.8298e-05,0.02718,1.5708,-1.5708
-8.5318e-06,-1.5708,1.9016e-05,0.027758,1.5708,-1.5708
-8.8087e-06,-1.5708,1.9757e-05,0.028342,1.5708,-1.5708
-9.0934e-06,-1.5708,2.0524e-05,0.028932,1.5708,-1.5708
-9.3861e-06,-1.5708,2.1317e-05,0.029528,1.5708,-1.5708
-9.687e-06,-1.5708,2.2136e-05,0.030131,1.5708,-1.5708
-9.9962e-06,-1.5708,2.2983e-05,0.030739,1.5708,-1.5708
-1.0314e-05,-1.5708,2.3858e-05,0.031354,1.5708,-1.5708
-1.0641e-05,-1.5708,2.4762e-05,0.031974,1.5708,-1.5708
-1.0977e-05,-1.5708,2.5696e-05,0.032601,1.5708,-1.5708
-1.1322e-05,-1.5708,2.6661e-05,0.033233,1.5708,-1.5708
-1.1677e-05,-1.5708,2.7658e-05,0.033872,1.5708,-1.5708
-1.2042e-05,-1.5708,2.8688e-05,0.034517,1.5708,-1.5708
-1.2416e-05,-1.5708,2.9752e-05,0.035168,1.5708,-1.5708
-1.2802e-05,-1.5708,3.085e-05,0.035825,1.5708,-1.5708
-1.3198e-05,-1.5708,3.1984e-05,0.036488,1.5708,-1.5708
-1.3604e-05,-1.5708,3.3155e-05,0.037157,1.5708,-1.5708
-1.4023e-05,-1.5708,3.4364e-05,0.037832,1.5708,-1.5708
-1.4452e-05,-1.5708,3.5612e-05,0.038513,1.5708,-1.5708
-1.4894e-05,-1.5708,3.69e-05,0.0392,1.5708,-1.5708
-1.5348e-05,-1.5708,3.823e-05,0.039894,1.5708,-1.5708
-1.5814e-05,-1.5708,3.9602e-05,0.040593,1.5708,-1.5708
-1.6294e-05,-1.5708,4.1018e-05,0.041298,1.5708,-1.5708
-1.6786e-05,-1.5708,4.248e-05,0.04201,1.5708,-1.5708
-1.7292e-05,-1.5708,4.3988e-05,0.042727,1.5708,-1.5708
-1.7812e-05,-1.5708,4.5543e-05,0.043451,1.5708,-1.5708
-1.8347e-05,-1.5708,4.7148e-05,0.04418,1.5708,-1.5708
-1.8896e-05,-1.5708,4.8804e-05,0.044916,1.5708,-1.5708
-1.9461e-05,-1.5708,5.0512e-05,0.045658,1.5708,-1.5708
-2.004e-05,-1.5708,5.2274e-05,0.046406,1.5708,-1.5708
-2.0636e-05,-1.5708,5.4091e-05,0.047159,1.5708,-1.5708
-2.1249e-05,-1.5708,5.5965e-05,0.047919,1.5708,-1.5708
-2.1878e-05,-1.5708,5.7897e-05,0.048685,1.5708,-1.5708
-2.2524e-05,-1.5708,5.989e-05,0.049457,1.5708,-1.5708
-2.3189e-05,-1.5708,6.1944e-05,0.050235,1.5708,-1.5708
-2.3871e-05,-1.5708,6.4063e-05,0.051019,1.5708,-1.5708
-2.4573e-05,-1.5708,6.6247e-05,0.051809,1.5708,-1.5708
-2.5294e-05,-1.5708,6.8499e-05,0.052605,1.5708,-1.5708
-2.6034e-05,-1.5708,7.082e-05,0.053407,1.5708,-1.5708
-2.6795e-05,-1.5708,7.3213e-05,0.054215,1.5708,-1.5708
-2.7577e-05,-1.5708,7.568e-05,0.05503,1.5708,-1.5708
-2.8381e-05,-1.5708,7.8222e-05,0.05585,1.5708,-1.5708
-2.9206e-05,-1.5708,8.0842e-05,0.056676,1.5708,-1.5708
-3.0054e-05,-1.5708,8.3542e-05,0.057509,1.5708,-1.5708
-3.0926e-05,-1.5708,8.6325e-05,0.058347,1.5708,-1.5708
-3.1822e-05,-1.5708,8.9193e-05,0.059191,1.5708,-1.5708
-3.2742e-05,-1.5708,9.2148e-05,0.060042,1.5708,-1.5708
-3.3688e-05,-1.5708,9.5193e-05,0.060898,1.5708,-1.5708
-3.4659e-05,-1.5708,9.833e-05,0.06176,1.5708,-1.5708
-3.5658e-05,-1.5708,0.00010156,0.062629,1.5708,-1.5708
-3.6683e-05,-1.5708,0.00010489,0.063503,1.5708,-1.5708
-3.7738e-05,-1.5708,0.00010832,0.064384,1.5708,-1.5708
-3.8821e-05,-1.5708,0.00011186,0.06527,1.5708,-1.5708
-3.9934e-05,-1.5708,0.0001155,0.066163,1.5708,-1.5708
-4.1077e-05,-1.5708,0.00011925,0.067061,1.5708,-1.5708
-4.2252e-05,-1.5708,0.00012311,0.067966,1.5708,-1.5708
-4.346e-05,-1.5708,0.00012709,0.068876,1.5708,-1.5708
-4.4701e-05,-1.5709,0.00013119,0.069793,1.5708,-1.5708
-4.5976e-05,-1.5709,0.00013541,0.070715,1.5708,-1.5708
-4.7286e-05,-1.5709,0.00013976,0.071644,1.5708,-1.5708
-4.8632e-05,-1.5709,0.00014423,0.072578,1.5708,-1.5708
-5.0016e-05,-1.5709,0.00014884,0.073518,1.5708,-1.5707
-5.1438e-05,-1.5709,0.00015359,0.074465,1.5708,-1.5707
-5.2898e-05,-1.5709,0.00015848,0.075417,1.5708,-1.5707
-5.44e-05,-1.5709,0.00016352,0.076376,1.5708,-1.5707
-5.5942e-05,-1.5709,0.0001687,0.07734,1.5708,-1.5707
-5.7528e-05,-1.5709,0.00017404,0.07831,1.5708,-1.5707
-5.9157e-05,-1.5709,0.00017953,0.079287,1.5708,-1.5707
-6.0831e-05,-1.5709,0.00018519,0.080269,1.5708,-1.5707
-6.2551e-05,-1.5709,0.00019102,0.081257,1.5708,-1.5707
-6.4319e-05,-1.5709,0.00019701,0.082252,1.5708,-1.5707
-6.6136e-05,-1.5709,0.00020319,0.083252,1.5708,-1.5707
-6.8003e-05,-1.5709,0.00020954,0.084258,1.5708,-1.5707
-6.9922e-05,-1.5709,0.00021609,0.08527,1.5708,-1.5707
-7.1894e-05,-1.5709,0.00022283,0.086288,1.5708,-1.5707
-7.392e-05,-1.5709,0.00022976,0.087312,1.5708,-1.5707
-7.6003e-05,-1.5709,0.0002369,0.088342,1.5708,-1.5707
-7.8143e-05,-1.5709,0.00024425,0.089378,1.5708,-1.5707
-8.0343e-05,-1.5709,0.00025181,0.090419,1.5708,-1.5707
-8.2603e-05,-1.5709,0.00025959,0.091467,1.5708,-1.5707
-8.4927e-05,-1.5709,0.00026761,0.092521,1.5708,-1.5707
-8.7315e-05,-1.5709,0.00027585,0.09358,1.5708,-1.5707
-8.9769e-05,-1.5709,0.00028434,0.094646,1.5708,-1.5707
-9.2291e-05,-1.5709,0.00029308,0.095717,1.5708,-1.5707
-9.4884e-05,-1.5709,0.00030207,0.096794,1.5708,-1.5707
-9.7548e-05,-1.5709,0.00031132,0.097878,1.5708,-1.5707
-0.00010029,-1.5709,0.00032085,0.098967,1.5708,-1.5707
-0.0001031,-1.5709,0.00033065,0.10006,1.5708,-1.5707
-0.00010599,-1.5709,0.00034073,0.10116,1.5708,-1.5707
-0.00010897,-1.5709,0.00035111,0.10227,1.5708,-1.5707
-0.00011202,-1.5709,0.00036179,0.10338,1.5708,-1.5707
-0.00011517,-1.5709,0.00037279,0.1045,1.5708,-1.5707
-0.00011839,-1.5709,0.0003841,0.10562,1.5708,-1.5707
-0.00012171,-1.5709,0.00039574,0.10675,1.5708,-1.5707
-0.00012512,-1.571,0.00040772,0.10789,1.5708,-1.5707
-0.00012863,-1.571,0.00042004,0.10903,1.5708,-1.5707
-0.00013224,-1.571,0.00043272,0.11018,1.5708,-1.5707
-0.00013594,-1.571,0.00044577,0.11133,1.5708,-1.5707
-0.00013975,-1.571,0.0004592,0.11249,1.5708,-1.5707
-0.00014366,-1.571,0.00047301,0.11366,1.5708,-1.5707
-0.00014769,-1.571,0.00048723,0.11483,1.5708,-1.5707
-0.00015182,-1.571,0.00050186,0.11601,1.5708,-1.5706
-0.00015608,-1.571,0.00051691,0.11719,1.5708,-1.5706
-0.00016045,-1.571,0.00053239,0.11838,1.5708,-1.5706
-0.00016494,-1.571,0.00054832,0.11957,1.5708,-1.5706
-0.00016956,-1.571,0.00056471,0.12077,1.5708,-1.5706
-0.00017431,-1.571,0.00058157,0.12198,1.5708,-1.5706
-0.00017919,-1.571,0.00059892,0.12319,1.5708,-1.5706
-0.00018421,-1.571,0.00061677,0.1244,1.5708,-1.5706
-0.00018937,-1.571,0.00063514,0.12563,1.5708,-1.5706
-0.00019467,-1.571,0.00065403,0.12685,1.5708,-1.5706
-0.00020013,-1.571,0.00067347,0.12809,1.5708,-1.5706
-0.00020573,-1.5711,0.00069347,0.12933,1.5708,-1.5706
-0.00021149,-1.5711,0.00071404,0.13057,1.5708,-1.5706
-0.00021742,-1.5711,0.0007352,0.13183,1.5708,-1.5706
-0.00022351,-1.5711,0.00075697,0.13308,1.5708,-1.5706
-0.00022977,-1.5711,0.00077937,0.13435,1.5708,-1.5706
-0.00023621,-1.5711,0.00080242,0.13561,1.5708,-1.5706
-0.00024283,-1.5711,0.00082612,0.13689,1.5708,-1.5706
-0.00024964,-1.5711,0.00085051,0.13817,1.5708,-1.5706
-0.00025664,-1.5711,0.00087559,0.13945,1.5708,-1.5705
-0.00026383,-1.5711,0.0009014,0.14074,1.5708,-1.5705
-0.00027123,-1.5711,0.00092794,0.14204,1.5708,-1.5705
-0.00027883,-1.5712,0.00095525,0.14334,1.5708,-1.5705
-0.00028665,-1.5712,0.00098334,0.14465,1.5708,-1.5705
-0.00029469,-1.5712,0.0010122,0.14596,1.5708,-1.5705
-0.00030296,-1.5712,0.001042,0.14728,1.5708,-1.5705
-0.00031146,-1.5712,0.0010725,0.1486,1.5708,-1.5705
-0.0003202,-1.5712,0.001104,0.14993,1.5708,-1.5705
-0.00032918,-1.5712,0.0011364,0.15127,1.5708,-1.5705
-0.00033842,-1.5712,0.0011696,0.15261,1.5708,-1.5705
-0.00034793,-1.5712,0.0012039,0.15395,1.5708,-1.5705
-0.0003577,-1.5713,0.0012391,0.1553,1.5708,-1.5704
-0.00036774,-1.5713,0.0012753,0.15666,1.5708,-1.5704
-0.00037807,-1.5713,0.0013126,0.15802,1.5708,-1.5704
-0.00038869,-1.5713,0.0013509,0.15939,1.5708,-1.5704
-0.00039961,-1.5713,0.0013903,0.16076,1.5708,-1.5704
-0.00041084,-1.5713,0.0014309,0.16214,1.5708,-1.5704
-0.00042239,-1.5713,0.0014726,0.16352,1.5707,-1.5704
-0.00043427,-1.5714,0.0015155,0.16491,1.5707,-1.5704
-0.00044648,-1.5714,0.0015596,0.1663,1.5707,-1.5704
-0.00045904,-1.5714,0.001605,0.1677,1.5707,-1.5703
-0.00047195,-1.5714,0.0016517,0.16911,1.5707,-1.5703
-0.00048523,-1.5714,0.0016997,0.17052,1.5707,-1.5703
-0.00049888,-1.5715,0.0017491,0.17193,1.5707,-1.5703
-0.00051292,-1.5715,0.0017999,0.17335,1.5707,-1.5703
-0.00052736,-1.5715,0.0018522,0.17478,1.5707,-1.5703
-0.00054221,-1.5715,0.001906,0.17621,1.5707,-1.5703
-0.00055749,-1.5715,0.0019613,0.17764,1.5707,-1.5703
-0.00057319,-1.5716,0.0020181,0.17908,1.5707,-1.5702
-0.00058934,-1.5716,0.0020766,0.18053,1.5707,-1.5702
-0.00060595,-1.5716,0.0021368,0.18198,1.5707,-1.5702
-0.00062303,-1.5716,0.0021987,0.18343,1.5707,-1.5702
-0.00064059,-1.5716,0.0022623,0.18489,1.5707,-1.5702
-0.00065866,-1.5717,0.0023278,0.18635,1.5707,-1.5702
-0.00067724,-1.5717,0.0023951,0.18782,1.5707,-1.5701
-0.00069634,-1.5717,0.0024644,0.1893,1.5707,-1.5701
-0.00071599,-1.5718,0.0025356,0.19078,1.5707,-1.5701
-0.0007362,-1.5718,0.0026089,0.19226,1.5707,-1.5701
-0.00075698,-1.5718,0.0026843,0.19375,1.5707,-1.5701
-0.00077835,-1.5718,0.0027618,0.19524,1.5707,-1.57
-0.00080033,-1.5719,0.0028415,0.19674,1.5707,-1.57
-0.00082294,-1.5719,0.0029235,0.19824,1.5707,-1.57
-0.00084619,-1.5719,0.0030079,0.19975,1.5707,-1.57
-0.0008701,-1.572,0.0030946,0.20126,1.5707,-1.5699
-0.00089469,-1.572,0.0031838,0.20278,1.5707,-1.5699
-0.00091998,-1.572,0.0032756,0.2043,1.5707,-1.5699
-0.000946,-1.5721,0.00337,0.20582,1.5707,-1.5699
-0.00097275,-1.5721,0.0034671,0.20735,1.5706,-1.5698
-0.0010003,-1.5721,0.0035669,0.20889,1.5706,-1.5698
-0.0010286,-1.5722,0.0036696,0.21042,1.5706,-1.5698
-0.0010577,-1.5722,0.0037752,0.21196,1.5706,-1.5698
-0.0010876,-1.5723,0.0038839,0.21351,1.5706,-1.5697
-0.0011184,-1.5723,0.0039956,0.21506,1.5706,-1.5697
-0.0011501,-1.5724,0.0041105,0.21661,1.5706,-1.5697
-0.0011826,-1.5724,0.0042287,0.21817,1.5706,-1.5696
-0.0012161,-1.5725,0.0043503,0.21973,1.5706,-1.5696
-0.0012506,-1.5725,0.0044753,0.2213,1.5706,-1.5696
-0.001286,-1.5725,0.0046039,0.22287,1.5706,-1.5695
-0.0013225,-1.5726,0.0047362,0.22444,1.5706,-1.5695
-0.00136,-1.5727,0.0048722,0.22602,1.5706,-1.5695
-0.0013985,-1.5727,0.0050121,0.2276,1.5706,-1.5694
-0.0014382,-1.5728,0.005156,0.22918,1.5705,-1.5694
-0.001479,-1.5728,0.005304,0.23077,1.5705,-1.5694
-0.0015209,-1.5729,0.0054563,0.23236,1.5705,-1.5693
-0.0015641,-1.5729,0.0056128,0.23396,1.5705,-1.5693
-0.0016085,-1.573,0.0057739,0.23555,1.5705,-1.5692
-0.0016541,-1.5731,0.0059395,0.23715,1.5705,-1.5692
-0.0017011,-1.5731,0.0061098,0.23876,1.5705,-1.5691
-0.0017494,-1.5732,0.006285,0.24036,1.5705,-1.5691
-0.0017991,-1.5733,0.0064652,0.24197,1.5705,-1.5691
-0.0018501,-1.5733,0.0066505,0.24359,1.5704,-1.569
-0.0019027,-1.5734,0.0068412,0.2452,1.5704,-1.569
-0.0019568,-1.5735,0.0070372,0.24682,1.5704,-1.5689
-0.0020124,-1.5736,0.0072388,0.24844,1.5704,-1.5688
-0.0020696,-1.5737,0.0074462,0.25006,1.5704,-1.5688
-0.0021284,-1.5737,0.0076595,0.25169,1.5704,-1.5687
-0.0021889,-1.5738,0.0078789,0.25331,1.5704,-1.5687
-0.0022511,-1.5739,0.0081045,0.25494,1.5703,-1.5686
-0.0023152,-1.574,0.0083366,0.25657,1.5703,-1.5686
-0.002381,-1.5741,0.0085752,0.25821,1.5703,-1.5685
-0.0024487,-1.5742,0.0088207,0.25984,1.5703,-1.5684
-0.0025184,-1.5743,0.0090732,0.26148,1.5703,-1.5684
-0.0025901,-1.5744,0.0093328,0.26312,1.5703,-1.5683
-0.0026638,-1.5745,0.0095999,0.26476,1.5702,-1.5682
-0.0027396,-1.5746,0.0098746,0.2664,1.5702,-1.5682
-0.0028176,-1.5747,0.010157,0.26804,1.5702,-1.5681
-0.0028978,-1.5748,0.010448,0.26968,1.5702,-1.568
-0.0029803,-1.5749,0.010747,0.27133,1.5701,-1.5679
-0.0030652,-1.5751,0.011054,0.27297,1.5701,-1.5678
-0.0031525,-1.5752,0.01137,0.27462,1.5701,-1.5678
-0.0032423,-1.5753,0.011695,0.27626,1.5701,-1.5677
-0.0033347,-1.5755,0.01203,0.27791,1.57,-1.5676
-0.0034297,-1.5756,0.012373,0.27955,1.57,-1.5675
-0.0035274,-1.5757,0.012727,0.2812,1.57,-1.5674
-0.003628,-1.5759,0.013091,0.28285,1.57,-1.5673
-0.0037314,-1.576,0.013465,0.28449,1.5699,-1.5672
-0.0038378,-1.5762,0.01385,0.28614,1.5699,-1.5671
-0.0039472,-1.5763,0.014246,0.28778,1.5699,-1.567
-0.0040597,-1.5765,0.014653,0.28942,1.5698,-1.5669
-0.0041755,-1.5766,0.015072,0.29107,1.5698,-1.5668
-0.0042945,-1.5768,0.015502,0.29271,1.5698,-1.5667
-0.004417,-1.577,0.015945,0.29435,1.5697,-1.5666
-0.004543,-1.5772,0.016401,0.29598,1.5697,-1.5665
-0.0046726,-1.5774,0.016869,0.29762,1.5697,-1.5663
-0.0048059,-1.5775,0.017351,0.29925,1.5696,-1.5662
-0.004943,-1.5777,0.017847,0.30088,1.5696,-1.5661
-0.0050841,-1.5779,0.018356,0.30251,1.5695,-1.566
-0.0052291,-1.5781,0.018881,0.30414,1.5695,-1.5658
-0.0053784,-1.5784,0.01942,0.30576,1.5694,-1.5657
-0.0055319,-1.5786,0.019974,0.30738,1.5694,-1.5655
-0.0056898,-1.5788,0.020545,0.30899,1.5693,-1.5654
-0.0058522,-1.579,0.021131,0.3106,1.5693,-1.5652
-0.0060192,-1.5793,0.021734,0.31221,1.5692,-1.5651
-0.0061911,-1.5795,0.022355,0.31381,1.5692,-1.5649
-0.0063678,-1.5798,0.022993,0.31541,1.5691,-1.5648
-0.0065496,-1.58,0.023649,0.317,1.5691,-1.5646
-0.0067366,-1.5803,0.024325,0.31859,1.569,-1.5644
-0.006929,-1.5806,0.025019,0.32017,1.5689,-1.5642
-0.0071268,-1.5809,0.025733,0.32175,1.5689,-1.5641
-0.0073303,-1.5812,0.026467,0.32331,1.5688,-1.5639
-0.0075397,-1.5814,0.027223,0.32488,1.5687,-1.5637
-0.007755,-1.5818,0.027999,0.32643,1.5687,-1.5635
-0.0079765,-1.5821,0.028798,0.32798,1.5686,-1.5633
-0.0082043,-1.5824,0.02962,0.32952,1.5685,-1.5631
-0.0084386,-1.5827,0.030465,0.33105,1.5684,-1.5629
-0.0086796,-1.5831,0.031334,0.33257,1.5683,-1.5626
-0.0089275,-1.5834,0.032228,0.33408,1.5683,-1.5624
-0.0091825,-1.5838,0.033147,0.33559,1.5682,-1.5622
-0.0094448,-1.5842,0.034093,0.33708,1.5681,-1.5619
-0.0097146,-1.5846,0.035065,0.33856,1.568,-1.5617
-0.009992,-1.585,0.036066,0.34004,1.5679,-1.5614
-0.010277,-1.5854,0.037094,0.3415,1.5678,-1.5612
-0.010571,-1.5858,0.038152,0.34295,1.5677,-1.5609
-0.010873,-1.5862,0.03924,0.34438,1.5676,-1.5606
-0.011183,-1.5867,0.040359,0.34581,1.5675,-1.5604
-0.011503,-1.5871,0.041509,0.34722,1.5673,-1.5601
-0.011831,-1.5876,0.042693,0.34862,1.5672,-1.5598
-0.012169,-1.5881,0.04391,0.35,1.5671,-1.5595
-0.012517,-1.5886,0.045162,0.35137,1.567,-1.5591
-0.012874,-1.5891,0.046449,0.35272,1.5668,-1.5588
-0.013242,-1.5896,0.047773,0.35405,1.5667,-1.5585
-0.01362,-1.5902,0.049134,0.35537,1.5666,-1.5582
-0.014008,-1.5907,0.050534,0.35667,1.5664,-1.5578
-0.014408,-1.5913,0.051974,0.35796,1.5663,-1.5574
-0.01482,-1.5919,0.053455,0.35922,1.5661,-1.5571
-0.015242,-1.5925,0.054977,0.36046,1.5659,-1.5567
-0.015677,-1.5931,0.056543,0.36169,1.5658,-1.5563
-0.016125,-1.5937,0.058154,0.36289,1.5656,-1.5559
-0.016585,-1.5944,0.05981,0.36407,1.5654,-1.5555
-0.017058,-1.5951,0.061513,0.36523,1.5652,-1.5551
-0.017544,-1.5958,0.063264,0.36637,1.565,-1.5546
-0.018044,-1.5965,0.065065,0.36748,1.5648,-1.5542
-0.018559,-1.5972,0.066917,0.36857,1.5646,-1.5537
-0.019088,-1.598,0.068821,0.36963,1.5644,-1.5533
-0.019632,-1.5988,0.070779,0.37066,1.5642,-1.5528
-0.020191,-1.5996,0.072792,0.37167,1.564,-1.5523
-0.020766,-1.6004,0.074863,0.37265,1.5637,-1.5518
-0.021357,-1.6013,0.076992,0.3736,1.5635,-1.5513
-0.021965,-1.6021,0.07918,0.37452,1.5633,-1.5507
-0.02259,-1.603,0.081431,0.3754,1.563,-1.5502
-0.023233,-1.604,0.083745,0.37626,1.5627,-1.5496
-0.023894,-1.6049,0.086125,0.37708,1.5625,-1.549
-0.024573,-1.6059,0.088571,0.37787,1.5622,-1.5484
-0.025271,-1.6069,0.091086,0.37862,1.5619,-1.5478
-0.025989,-1.6079,0.093672,0.37933,1.5616,-1.5472
-0.026727,-1.609,0.09633,0.38001,1.5613,-1.5465
-0.027485,-1.6101,0.099063,0.38064,1.5609,-1.5459
-0.028265,-1.6112,0.10187,0.38124,1.5606,-1.5452
-0.029066,-1.6123,0.10476,0.38179,1.5603,-1.5445
-0.02989,-1.6135,0.10773,0.38231,1.5599,-1.5438
-0.030736,-1.6148,0.11078,0.38277,1.5595,-1.543
-0.031606,-1.616,0.11392,0.3832,1.5592,-1.5423
-0.0325,-1.6173,0.11714,0.38357,1.5588,-1.5415
-0.033418,-1.6186,0.12046,0.3839,1.5584,-1.5407
-0.034362,-1.62,0.12387,0.38417,1.5579,-1.5399
-0.035332,-1.6214,0.12737,0.3844,1.5575,-1.5391
-0.036328,-1.6228,0.13096,0.38457,1.5571,-1.5382
-0.037351,-1.6243,0.13466,0.38469,1.5566,-1.5373
-0.038403,-1.6258,0.13846,0.38475,1.5561,-1.5364
-0.039482,-1.6274,0.14237,0.38476,1.5556,-1.5355
-0.040591,-1.629,0.14638,0.3847,1.5551,-1.5346
-0.04173,-1.6306,0.1505,0.38459,1.5546,-1.5336
-0.0429,-1.6323,0.15474,0.38441,1.5541,-1.5326
-0.0441,-1.6341,0.15909,0.38417,1.5535,-1.5316
-0.045333,-1.6359,0.16356,0.38386,1.5529,-1.5305
-0.046599,-1.6377,0.16815,0.38349,1.5524,-1.5295
-0.047898,-1.6396,0.17286,0.38304,1.5517,-1.5284
-0.049231,-1.6415,0.17771,0.38253,1.5511,-1.5272
-0.050599,-1.6435,0.18268,0.38194,1.5505,-1.5261
-0.052003,-1.6456,0.18779,0.38127,1.5498,-1.5249
-0.053443,-1.6476,0.19303,0.38053,1.5491,-1.5237
-0.054921,-1.6498,0.19842,0.37971,1.5484,-1.5224
-0.056436,-1.652,0.20394,0.37881,1.5477,-1.5212
-0.05799,-1.6543,0.20962,0.37782,1.5469,-1.5199
-0.059583,-1.6566,0.21544,0.37675,1.5462,-1.5185
-0.061216,-1.659,0.22142,0.37559,1.5454,-1.5172
-0.06289,-1.6615,0.22755,0.37435,1.5445,-1.5158
-0.064606,-1.664,0.23384,0.37301,1.5437,-1.5144
-0.066363,-1.6666,0.2403,0.37158,1.5428,-1.5129
-0.068163,-1.6692,0.24692,0.37005,1.5419,-1.5114
-0.070007,-1.6719,0.25372,0.36843,1.541,-1.5099
-0.071895,-1.6747,0.26068,0.3667,1.5401,-1.5083
-0.073827,-1.6776,0.26782,0.36488,1.5391,-1.5068
-0.075805,-1.6805,0.27514,0.36295,1.5381,-1.5051
-0.077828,-1.6835,0.28265,0.36091,1.5371,-1.5035
-0.079898,-1.6866,0.29034,0.35877,1.536,-1.5018
-0.082014,-1.6897,0.29822,0.35652,1.5349,-1.5001
-0.084178,-1.693,0.30629,0.35415,1.5338,-1.4983
-0.086389,-1.6963,0.31456,0.35167,1.5327,-1.4965
-0.088648,-1.6996,0.32303,0.34907,1.5315,-1.4947
-0.090955,-1.7031,0.3317,0.34636,1.5303,-1.4928
-0.093311,-1.7067,0.34058,0.34352,1.5291,-1.4909
-0.095715,-1.7103,0.34966,0.34057,1.5278,-1.489
-0.098168,-1.714,0.35896,0.33749,1.5265,-1.487
-0.10067,-1.7178,0.36847,0.33428,1.5252,-1.485
-0.10322,-1.7217,0.37819,0.33095,1.5239,-1.483
-0.10582,-1.7256,0.38814,0.32748,1.5225,-1.4809
-0.10847,-1.7297,0.3983,0.32389,1.5211,-1.4788
-0.11116,-1.7338,0.40869,0.32016,1.5196,-1.4767
-0.11391,-1.7381,0.4193,0.3163,1.5181,-1.4745
-0.1167,-1.7424,0.43014,0.31231,1.5166,-1.4723
-0.11954,-1.7468,0.44121,0.30818,1.5151,-1.4701
-0.12243,-1.7513,0.45251,0.30391,1.5135,-1.4678
-0.12536,-1.7559,0.46404,0.2995,1.5119,-1.4655
-0.12834,-1.7606,0.47581,0.29495,1.5102,-1.4632
-0.13136,-1.7654,0.48781,0.29026,1.5086,-1.4608
-0.13443,-1.7703,0.50005,0.28543,1.5069,-1.4585
-0.13754,-1.7752,0.51252,0.28046,1.5051,-1.4561
-0.14069,-1.7803,0.52523,0.27534,1.5034,-1.4536
-0.14388,-1.7854,0.53818,0.27008,1.5016,-1.4512
-0.14711,-1.7907,0.55137,0.26468,1.4998,-1.4487
-0.15038,-1.796,0.56479,0.25913,1.4979,-1.4462
-0.15368,-1.8014,0.57845,0.25343,1.496,-1.4437
-0.15703,-1.8069,0.59235,0.2476,1.4941,-1.4412
-0.1604,-1.8125,0.60649,0.24161,1.4922,-1.4386
-0.16381,-1.8182,0.62086,0.23548,1.4903,-1.4361
-0.16725,-1.824,0.63547,0.22921,1.4883,-1.4335
-0.17072,-1.8299,0.65031,0.22279,1.4863,-1.4309
-0.17421,-1.8359,0.66539,0.21623,1.4842,-1.4283
-0.17773,-1.8419,0.6807,0.20952,1.4822,-1.4257
-0.18128,-1.8481,0.69624,0.20267,1.4801,-1.4231
-0.18484,-1.8543,0.71201,0.19568,1.478,-1.4204
-0.18843,-1.8606,0.72801,0.18854,1.4759,-1.4178
-0.19203,-1.867,0.74423,0.18127,1.4738,-1.4152
-0.19565,-1.8735,0.76068,0.17385,1.4716,-1.4125
-0.19929,-1.8801,0.77734,0.16629,1.4695,-1.4099
-0.20294,-1.8867,0.79423,0.1586,1.4673,-1.4073
-0.20659,-1.8934,0.81134,0.15076,1.4651,-1.4047
-0.21026,-1.9003,0.82866,0.14279,1.4629,-1.402
-0.21393,-1.9071,0.84619,0.13469,1.4607,-1.3994
-0.21761,-1.9141,0.86394,0.12644,1.4584,-1.3968
-0.22129,-1.9211,0.88189,0.11807,1.4562,-1.3942
-0.22498,-1.9283,0.90005,0.10956,1.4539,-1.3917
-0.22866,-1.9354,0.91842,0.10092,1.4517,-1.3891
-0.23234,-1.9427,0.93698,0.092151,1.4494,-1.3866
-0.23602,-1.95,0.95574,0.083251,1.4471,-1.384
-0.23969,-1.9574,0.9747,0.074223,1.4449,-1.3815
-0.24335,-1.9649,0.99385,0.065068,1.4426,-1.379
-0.247,-1.9724,1.0132,0.055787,1.4403,-1.3765
-0.25065,-1.98,1.0327,0.046382,1.438,-1.3741
-0.25428,-1.9877,1.0524,0.036852,1.4357,-1.3716
-0.2579,-1.9954,1.0723,0.0272,1.4335,-1.3692
-0.2615,-2.0032,1.0924,0.017426,1.4312,-1.3669
-0.26509,-2.011,1.1127,0.007531,1.4289,-1.3645
-0.26866,-2.019,1.1331,-0.0024833,1.4266,-1.3622
-0.27222,-2.0269,1.1537,-0.012616,1.4244,-1.3599
-0.27575,-2.0349,1.1745,-0.022867,1.4221,-1.3576
-0.27927,-2.043,1.1955,-0.033235,1.4198,-1.3553
-0.28276,-2.0512,1.2166,-0.043719,1.4176,-1.3531
-0.28623,-2.0593,1.2379,-0.054318,1.4153,-1.3509
-0.28968,-2.0676,1.2593,-0.065032,1.4131,-1.3488
-0.29311,-2.0759,1.281,-0.07586,1.4109,-1.3466
-0.29651,-2.0842,1.3027,-0.086801,1.4086,-1.3445
-0.29989,-2.0926,1.3247,-0.097855,1.4064,-1.3425
-0.30324,-2.1011,1.3468,-0.10902,1.4042,-1.3404
-0.30657,-2.1095,1.369,-0.1203,1.402,-1.3384
-0.30987,-2.1181,1.3914,-0.13169,1.3998,-1.3365
-0.31314,-2.1267,1.414,-0.14319,1.3977,-1.3345
-0.31639,-2.1353,1.4367,-0.1548,1.3955,-1.3326
-0.31961,-2.144,1.4596,-0.16651,1.3933,-1.3308
-0.3228,-2.1527,1.4826,-0.17834,1.3912,-1.3289
-0.32597,-2.1614,1.5057,-0.19028,1.3891,-1.3271
-0.3291,-2.1702,1.5291,-0.20233,1.3869,-1.3254
-0.33221,-2.1791,1.5525,-0.21449,1.3848,-1.3236
-0.33529,-2.188,1.5761,-0.22676,1.3827,-1.3219
-0.33834,-2.1969,1.5999,-0.23914,1.3807,-1.3202
-0.34137,-2.2059,1.6238,-0.25163,1.3786,-1.3186
-0.34436,-2.2149,1.6478,-0.26422,1.3765,-1.317
-0.34733,-2.2239,1.672,-0.27693,1.3745,-1.3154
-0.35027,-2.233,1.6964,-0.28975,1.3725,-1.3139
-0.35319,-2.2421,1.7208,-0.30267,1.3705,-1.3124
-0.35607,-2.2513,1.7455,-0.31571,1.3684,-1.3109
-0.35893,-2.2605,1.7702,-0.32886,1.3665,-1.3094
-0.36176,-2.2697,1.7951,-0.34212,1.3645,-1.308
-0.36457,-2.279,1.8202,-0.3555,1.3625,-1.3066
-0.36734,-2.2883,1.8454,-0.36898,1.3606,-1.3052
-0.3701,-2.2976,1.8708,-0.38258,1.3586,-1.3039
-0.37282,-2.307,1.8962,-0.39629,1.3567,-1.3026
-0.37552,-2.3164,1.9219,-0.41012,1.3548,-1.3013
-0.3782,-2.3259,1.9477,-0.42406,1.3529,-1.3001
-0.38085,-2.3354,1.9736,-0.43811,1.351,-1.2989
-0.38348,-2.3449,1.9997,-0.45228,1.3491,-1.2977
-0.38608,-2.3545,2.0259,-0.46657,1.3472,-1.2965
-0.38867,-2.3641,2.0523,-0.48098,1.3454,-1.2954
-0.39122,-2.3737,2.0788,-0.4955,1.3435,-1.2943
-0.39376,-2.3834,2.1055,-0.51013,1.3417,-1.2932
-0.39627,-2.3931,2.1323,-0.52489,1.3399,-1.2921
-0.39877,-2.4029,2.1593,-0.53976,1.3381,-1.2911
-0.40124,-2.4126,2.1865,-0.55476,1.3363,-1.2901
-0.40369,-2.4225,2.2138,-0.56987,1.3345,-1.2891
-0.40612,-2.4324,2.2412,-0.5851,1.3327,-1.2881
-0.40854,-2.4423,2.2688,-0.60045,1.3309,-1.2871
-0.41093,-2.4523,2.2966,-0.61592,1.3291,-1.2862
-0.41331,-2.4623,2.3245,-0.6315,1.3274,-1.2853
-0.41567,-2.4724,2.3526,-0.64721,1.3256,-1.2844
-0.41802,-2.4825,2.3809,-0.66303,1.3239,-1.2836
-0.42035,-2.4927,2.4093,-0.67897,1.3222,-1.2827
-0.42266,-2.5029,2.4378,-0.69502,1.3204,-1.2819
-0.42496,-2.5132,2.4666,-0.71118,1.3187,-1.2811
-0.42725,-2.5235,2.4955,-0.72746,1.317,-1.2803
-0.42952,-2.5339,2.5246,-0.74384,1.3153,-1.2795
-0.43178,-2.5444,2.5538,-0.76033,1.3136,-1.2788
-0.43403,-2.555,2.5832,-0.77692,1.3119,-1.278
-0.43626,-2.5656,2.6128,-0.79362,1.3102,-1.2773
-0.43849,-2.5763,2.6426,-0.8104,1.3085,-1.2766
-0.4407,-2.5871,2.6725,-0.82728,1.3068,-1.2759
-0.4429,-2.598,2.7026,-0.84425,1.3051,-1.2752
-0.4451,-2.609,2.7329,-0.8613,1.3035,-1.2745
-0.44728,-2.6201,2.7633,-0.87842,1.3018,-1.2739
-0.44945,-2.6313,2.7939,-0.89561,1.3001,-1.2732
-0.45161,-2.6426,2.8247,-0.91286,1.2984,-1.2726
-0.45377,-2.6541,2.8557,-0.93017,1.2968,-1.272
-0.45591,-2.6657,2.8869,-0.94753,1.2951,-1.2714
-0.45804,-2.6774,2.9182,-0.96492,1.2935,-1.2708
-0.46016,-2.6893,2.9497,-0.98235,1.2918,-1.2703
-0.46227,-2.7013,2.9814,-0.9998,1.2902,-1.2697
-0.46437,-2.7135,3.0132,-1.0173,1.2885,-1.2692
-0.46645,-2.7259,3.0452,-1.0347,1.2869,-1.2687
-0.46852,-2.7384,3.0775,-1.0522,1.2853,-1.2682
-0.47057,-2.7512,3.1098,-1.0697,1.2837,-1.2677
-0.4726,-2.7641,3.1424,-1.0871,1.2821,-1.2672
-0.47461,-2.7773,3.1752,-1.1046,1.2805,-1.2668
-0.4766,-2.7906,3.2081,-1.122,1.2789,-1.2664
-0.47856,-2.8042,3.2413,-1.1394,1.2774,-1.266
-0.4805,-2.818,3.2746,-1.1568,1.2758,-1.2656
-0.48241,-2.8321,3.3082,-1.1741,1.2743,-1.2652
-0.48429,-2.8464,3.3419,-1.1914,1.2728,-1.2649
-0.48613,-2.8609,3.3759,-1.2087,1.2713,-1.2646
-0.48794,-2.8757,3.4101,-1.226,1.2699,-1.2644
-0.48971,-2.8907,3.4445,-1.2433,1.2684,-1.2641
-0.49143,-2.906,3.4792,-1.2605,1.267,-1.2639
-0.49312,-2.9215,3.5141,-1.2778,1.2657,-1.2638
-0.49475,-2.9373,3.5493,-1.295,1.2643,-1.2636
-0.49633,-2.9534,3.5848,-1.3123,1.263,-1.2636
-0.49786,-2.9697,3.6206,-1.3296,1.2618,-1.2635
-0.49934,-2.9862,3.6567,-1.347,1.2606,-1.2635
-0.50075,-3.0031,3.6931,-1.3644,1.2594,-1.2635
-0.50211,-3.0202,3.7298,-1.382,1.2583,-1.2636
-0.50341,-3.0375,3.767,-1.3996,1.2572,-1.2637
-0.50464,-3.0551,3.8044,-1.4173,1.2562,-1.2639
-0.5058,-3.073,3.8423,-1.4352,1.2552,-1.2641
-0.50689,-3.0912,3.8806,-1.4532,1.2543,-1.2643
-0.50792,-3.1096,3.9194,-1.4713,1.2534,-1.2646
-0.50887,-3.1283,3.9586,-1.4897,1.2526,-1.265
-0.50975,-3.1473,3.9983,-1.5083,1.2518,-1.2654
-0.51054,-3.1665,4.0385,-1.5271,1.2511,-1.2658
-0.51126,-3.186,4.0793,-1.5462,1.2504,-1.2663
-0.5119,-3.2059,4.1206,-1.5655,1.2499,-1.2668
-0.51245,-3.226,4.1625,-1.5852,1.2494,-1.2674
-0.51292,-3.2464,4.2051,-1.6052,1.2489,-1.2681
-0.5133,-3.2672,4.2483,-1.6255,1.2485,-1.2688
-0.51359,-3.2882,4.2922,-1.6462,1.2482,-1.2696
-0.51378,-3.3096,4.3369,-1.6673,1.248,-1.2704
-0.51387,-3.3313,4.3823,-1.6888,1.2479,-1.2713
-0.51386,-3.3534,4.4286,-1.7108,1.2478,-1.2722
-0.51374,-3.3759,4.4757,-1.7333,1.2478,-1.2732
-0.51352,-3.3987,4.5237,-1.7563,1.2479,-1.2742
-0.51317,-3.422,4.5727,-1.7799,1.2481,-1.2754
-0.51271,-3.4457,4.6227,-1.804,1.2484,-1.2766
-0.51212,-3.4698,4.6739,-1.8288,1.2488,-1.2778
-0.5114,-3.4944,4.7262,-1.8543,1.2493,-1.2792
-0.51053,-3.5195,4.7797,-1.8806,1.25,-1.2806
-0.50952,-3.5452,4.8345,-1.9076,1.2507,-1.2821
-0.50834,-3.5714,4.8908,-1.9354,1.2516,-1.2837
-0.507,-3.5982,4.9486,-1.9642,1.2526,-1.2854
-0.50547,-3.6257,5.008,-1.9939,1.2538,-1.2872
-0.50375,-3.6539,5.0691,-2.0247,1.2551,-1.2891
-0.50181,-3.6828,5.1321,-2.0566,1.2566,-1.2911
-0.49965,-3.7125,5.1972,-2.0897,1.2583,-1.2932
-0.49723,-3.743,5.2644,-2.1241,1.2602,-1.2955
-0.49454,-3.7745,5.334,-2.1599,1.2624,-1.2979
-0.49154,-3.807,5.4061,-2.1972,1.2648,-1.3004
-0.48822,-3.8406,5.481,-2.2362,1.2674,-1.3032
-0.48452,-3.8753,5.5588,-2.2769,1.2704,-1.3061
-0.48042,-3.9113,5.6398,-2.3195,1.2737,-1.3093
-0.47586,-3.9486,5.7242,-2.3641,1.2774,-1.3127
-0.4708,-3.9874,5.8121,-2.4108,1.2816,-1.3164
-0.46518,-4.0275,5.9037,-2.4596,1.2862,-1.3204
-0.45895,-4.0691,5.9989,-2.5106,1.2913,-1.3247
-0.45207,-4.1121,6.0976,-2.5636,1.2969,-1.3293
-0.44448,-4.1564,6.1993,-2.6182,1.3032,-1.3344
-0.43617,-4.2016,6.3035,-2.6742,1.3101,-1.3398
-0.42715,-4.2474,6.409,-2.7307,1.3176,-1.3456
-0.41744,-4.2935,6.5148,-2.7872,1.3257,-1.3518
-0.4071,-4.3392,6.6196,-2.8428,1.3343,-1.3583
-0.3962,-4.3843,6.7222,-2.8968,1.3435,-1.3651
-0.38483,-4.4284,6.8218,-2.9486,1.353,-1.3721
-0.37304,-4.4712,6.918,-2.9981,1.363,-1.3793
-0.36089,-4.5127,7.0104,-3.045,1.3733,-1.3866
-0.34841,-4.553,7.099,-3.0894,1.3838,-1.3941
-0.33564,-4.5919,7.1839,-3.1313,1.3947,-1.4016
-0.32259,-4.6297,7.2654,-3.1708,1.4059,-1.4093
-0.30927,-4.6665,7.3436,-3.2081,1.4172,-1.417
-0.29569,-4.7022,7.4187,-3.2432,1.4289,-1.4247
-0.28187,-4.7371,7.4911,-3.2765,1.4408,-1.4325
-0.26781,-4.7711,7.5609,-3.3079,1.4529,-1.4403
-0.25353,-4.8045,7.6283,-3.3377,1.4653,-1.4482
-0.23904,-4.8372,7.6935,-3.3658,1.4778,-1.4561
-0.22438,-4.8694,7.7566,-3.3924,1.4906,-1.4639
-0.20956,-4.9011,7.8178,-3.4175,1.5035,-1.4718
-0.19461,-4.9323,7.8771,-3.4413,1.5166,-1.4795
-0.17957,-4.9632,7.9348,-3.4637,1.5298,-1.4873
-0.16448,-4.9937,7.9908,-3.4849,1.543,-1.4949
-0.14938,-5.0239,8.0453,-3.5048,1.5563,-1.5024
-0.13431,-5.0539,8.0984,-3.5235,1.5696,-1.5099
-0.11933,-5.0837,8.15,-3.5411,1.5829,-1.5171
-0.10448,-5.1133,8.2003,-3.5575,1.5961,-1.5242
-0.089806,-5.1427,8.2494,-3.5728,1.6092,-1.5311
-0.075366,-5.172,8.2972,-3.5869,1.622,-1.5377
-0.0612,-5.2012,8.3438,-3.6001,1.6347,-1.5442
-0.047353,-5.2303,8.3892,-3.6121,1.6471,-1.5503
-0.033862,-5.2593,8.4335,-3.6231,1.6592,-1.5563
-0.020762,-5.2883,8.4768,-3.6331,1.671,-1.5619
-0.0080835,-5.3173,8.519,-3.642,1.6825,-1.5672
0.0041495,-5.3463,8.5601,-3.65,1.6935,-1.5723
0.015917,-5.3752,8.6003,-3.657,1.7042,-1.577
0.027206,-5.4042,8.6395,-3.6629,1.7144,-1.5815
0.038004,-5.4332,8.6777,-3.668,1.7243,-1.5857
0.048308,-5.4622,8.7151,-3.6721,1.7337,-1.5895
0.058114,-5.4913,8.7515,-3.6753,1.7426,-1.5931
0.067424,-5.5203,8.7871,-3.6776,1.7512,-1.5964
0.076243,-5.5495,8.8218,-3.6791,1.7593,-1.5995
0.084578,-5.5786,8.8557,-3.6796,1.7669,-1.6023
0.092437,-5.6078,8.8889,-3.6794,1.7742,-1.6048
0.09983,-5.6371,8.9212,-3.6784,1.781,-1.6071
0.10677,-5.6663,8.9528,-3.6767,1.7874,-1.6091
0.11327,-5.6956,8.9837,-3.6742,1.7935,-1.611
0.11934,-5.7249,9.0139,-3.671,1.7991,-1.6126
0.12499,-5.7542,9.0435,-3.6672,1.8044,-1.6141
0.13024,-5.7834,9.0724,-3.6628,1.8093,-1.6153
0.1351,-5.8127,9.1007,-3.6578,1.8139,-1.6164
0.13959,-5.8419,9.1285,-3.6523,1.8181,-1.6173
0.14372,-5.8711,9.1557,-3.6463,1.822,-1.618
0.1475,-5.9002,9.1823,-3.6398,1.8255,-1.6186
0.15094,-5.9292,9.2085,-3.633,1.8288,-1.6191
0.15406,-5.9581,9.2342,-3.6258,1.8317,-1.6194
0.15686,-5.987,9.2595,-3.6183,1.8344,-1.6196
0.15937,-6.0157,9.2844,-3.6106,1.8368,-1.6197
0.16158,-6.0442,9.3089,-3.6026,1.8389,-1.6196
0.16352,-6.0726,9.3331,-3.5945,1.8408,-1.6195
0.16518,-6.1008,9.3569,-3.5862,1.8424,-1.6193
0.16659,-6.1289,9.3804,-3.5778,1.8437,-1.619
0.16774,-6.1567,9.4037,-3.5694,1.8449,-1.6186
0.16865,-6.1843,9.4267,-3.5609,1.8458,-1.6181
0.16933,-6.2117,9.4495,-3.5525,1.8464,-1.6175
0.16978,-6.2389,9.4721,-3.5442,1.8469,-1.6169
0.17002,-6.2658,9.4945,-3.5359,1.8472,-1.6162
0.17003,-6.2924,9.5167,-3.5277,1.8472,-1.6155
0.16985,-6.3188,9.5388,-3.5196,1.8471,-1.6147
0.16946,-6.3449,9.5608,-3.5118,1.8467,-1.6138
0.16888,-6.3707,9.5827,-3.5041,1.8462,-1.6129
0.16812,-6.3962,9.6044,-3.4966,1.8455,-1.6119
0.16716,-6.4215,9.6261,-3.4893,1.8446,-1.6109
0.16604,-6.4464,9.6477,-3.4823,1.8436,-1.6099
0.16473,-6.471,9.6692,-3.4756,1.8424,-1.6088
0.16326,-6.4953,9.6907,-3.4691,1.841,-1.6077
0.16163,-6.5193,9.7122,-3.4629,1.8394,-1.6066
0.15983,-6.543,9.7336,-3.457,1.8377,-1.6054
0.15787,-6.5664,9.755,-3.4513,1.8359,-1.6042
0.15576,-6.5895,9.7764,-3.446,1.8339,-1.603
0.1535,-6.6123,9.7977,-3.441,1.8317,-1.6018
0.1511,-6.6347,9.819,-3.4363,1.8294,-1.6005
0.14854,-6.6569,9.8404,-3.4318,1.827,-1.5992
0.14585,-6.6787,9.8617,-3.4277,1.8244,-1.598
0.14301,-6.7003,9.883,-3.4239,1.8217,-1.5966
0.14004,-6.7215,9.9043,-3.4204,1.8189,-1.5953
0.13693,-6.7425,9.9256,-3.4172,1.8159,-1.594
0.13369,-6.7632,9.947,-3.4143,1.8127,-1.5927
0.13031,-6.7836,9.9683,-3.4116,1.8095,-1.5913
0.12681,-6.8037,9.9896,-3.4093,1.8061,-1.59
0.12318,-6.8236,10.011,-3.4072,1.8026,-1.5886
0.11942,-6.8431,10.032,-3.4053,1.799,-1.5873
0.11554,-6.8625,10.053,-3.4037,1.7952,-1.5859
0.11153,-6.8816,10.075,-3.4024,1.7913,-1.5846
0.1074,-6.9004,10.096,-3.4013,1.7873,-1.5832
0.10315,-6.919,10.117,-3.4004,1.7832,-1.5819
0.098776,-6.9374,10.138,-3.3998,1.7789,-1.5805
0.094286,-6.9555,10.16,-3.3993,1.7745,-1.5792
0.089679,-6.9734,10.181,-3.3991,1.7701,-1.5778
0.084955,-6.9912,10.202,-3.399,1.7654,-1.5765
0.080116,-7.0087,10.223,-3.3991,1.7607,-1.5752
0.075162,-7.026,10.244,-3.3994,1.7559,-1.5739
0.070097,-7.0431,10.265,-3.3999,1.7509,-1.5726
0.064919,-7.06,10.286,-3.4005,1.7459,-1.5713
0.059632,-7.0768,10.307,-3.4013,1.7407,-1.5701
0.054236,-7.0933,10.328,-3.4021,1.7354,-1.5688
0.048733,-7.1097,10.349,-3.4032,1.73,-1.5676
0.043124,-7.126,10.37,-3.4043,1.7245,-1.5664
0.037412,-7.1421,10.391,-3.4056,1.7189,-1.5652
0.031598,-7.158,10.412,-3.4069,1.7131,-1.564
0.025684,-7.1738,10.432,-3.4084,1.7073,-1.5629
0.019673,-7.1894,10.453,-3.4099,1.7014,-1.5618
0.013567,-7.2049,10.474,-3.4115,1.6954,-1.5607
0.0073679,-7.2203,10.494,-3.4132,1.6893,-1.5596
0.0010792,-7.2355,10.515,-3.415,1.6831,-1.5586
-0.0052965,-7.2507,10.535,-3.4168,1.6768,-1.5576
-0.011756,-7.2656,10.556,-3.4187,1.6704,-1.5566
-0.018296,-7.2805,10.576,-3.4207,1.6639,-1.5557
-0.024913,-7.2953,10.596,-3.4226,1.6574,-1.5548
-0.031603,-7.31,10.616,-3.4247,1.6508,-1.5539
-0.038363,-7.3245,10.636,-3.4267,1.6441,-1.5531
-0.045188,-7.339,10.656,-3.4288,1.6373,-1.5523
-0.052073,-7.3534,10.676,-3.4309,1.6305,-1.5515
-0.059015,-7.3676,10.696,-3.433,1.6236,-1.5508
-0.066009,-7.3818,10.716,-3.4352,1.6167,-1.5502
-0.07305,-7.3959,10.736,-3.4373,1.6097,-1.5496
-0.080132,-7.4099,10.755,-3.4395,1.6027,-1.549
-0.087251,-7.4239,10.775,-3.4417,1.5956,-1.5484
-0.094402,-7.4377,10.795,-3.4438,1.5885,-1.548
-0.10158,-7.4515,10.814,-3.446,1.5814,-1.5475
-0.10878,-7.4652,10.833,-3.4481,1.5742,-1.5471
-0.11599,-7.4788,10.853,-3.4502,1.567,-1.5468
-0.12321,-7.4924,10.872,-3.4523,1.5599,-1.5465
-0.13043,-7.5059,10.891,-3.4544,1.5527,-1.5463
-0.13766,-7.5193,10.91,-3.4565,1.5455,-1.5461
-0.14487,-7.5327,10.929,-3.4585,1.5383,-1.5459
-0.15208,-7.546,10.947,-3.4606,1.5311,-1.5458
-0.15926,-7.5592,10.966,-3.4625,1.524,-1.5458
-0.16643,-7.5724,10.985,-3.4645,1.5169,-1.5458
-0.17356,-7.5855,11.003,-3.4664,1.5097,-1.5459
-0.18066,-7.5986,11.022,-3.4683,1.5027,-1.546
-0.18772,-7.6117,11.04,-3.4701,1.4956,-1.5462
-0.19474,-7.6246,11.058,-3.4719,1.4886,-1.5464
-0.20171,-7.6376,11.077,-3.4736,1.4817,-1.5467
-0.20862,-7.6505,11.095,-3.4753,1.4748,-1.547
-0.21548,-7.6633,11.113,-3.4769,1.468,-1.5474
-0.22228,-7.6761,11.131,-3.4785,1.4612,-1.5478
-0.22902,-7.6889,11.148,-3.4801,1.4545,-1.5483
-0.23569,-7.7016,11.166,-3.4815,1.4478,-1.5488
-0.24229,-7.7143,11.184,-3.483,1.4412,-1.5494
-0.24882,-7.7269,11.201,-3.4843,1.4347,-1.55
-0.25527,-7.7395,11.219,-3.4856,1.4283,-1.5507
-0.26164,-7.7521,11.236,-3.4868,1.4219,-1.5514
-0.26793,-7.7647,11.253,-3.488,1.4157,-1.5522
-0.27414,-7.7772,11.27,-3.4891,1.4095,-1.553
-0.28027,-7.7897,11.287,-3.4901,1.4034,-1.5538
-0.28631,-7.8022,11.304,-3.4911,1.3973,-1.5547
-0.29227,-7.8146,11.321,-3.492,1.3914,-1.5557
-0.29814,-7.827,11.338,-3.4928,1.3856,-1.5566
-0.30391,-7.8394,11.355,-3.4936,1.3798,-1.5576
-0.30961,-7.8518,11.371,-3.4943,1.3741,-1.5587
-0.31521,-7.8642,11.388,-3.4949,1.3685,-1.5598
-0.32072,-7.8766,11.404,-3.4954,1.3631,-1.5609
-0.32615,-7.8889,11.421,-3.4959,1.3577,-1.5621
-0.33148,-7.9013,11.437,-3.4963,1.3523,-1.5633
-0.33673,-7.9136,11.453,-3.4967,1.3471,-1.5645
-0.34188,-7.9259,11.469,-3.4969,1.342,-1.5658
-0.34695,-7.9382,11.485,-3.4971,1.3369,-1.5671
-0.35194,-7.9506,11.501,-3.4972,1.332,-1.5684
-0.35683,-7.9629,11.517,-3.4973,1.3271,-1.5698
-0.36164,-7.9752,11.533,-3.4972,1.3223,-1.5711
-0.36637,-7.9875,11.549,-3.4971,1.3176,-1.5726
-0.37101,-7.9999,11.565,-3.497,1.313,-1.574
-0.37557,-8.0122,11.58,-3.4968,1.3085,-1.5755
-0.38005,-8.0246,11.596,-3.4965,1.3041,-1.577
-0.38444,-8.037,11.611,-3.4961,1.2997,-1.5785
-0.38876,-8.0494,11.627,-3.4957,1.2954,-1.58
-0.393,-8.0618,11.642,-3.4952,1.2912,-1.5816
-0.39716,-8.0743,11.658,-3.4946,1.2871,-1.5832
-0.40125,-8.0867,11.673,-3.494,1.283,-1.5848
-0.40526,-8.0992,11.689,-3.4933,1.2791,-1.5864
-0.4092,-8.1118,11.704,-3.4926,1.2752,-1.5881
-0.41307,-8.1244,11.719,-3.4918,1.2713,-1.5898
-0.41687,-8.137,11.735,-3.491,1.2676,-1.5914
-0.42059,-8.1496,11.75,-3.4901,1.2639,-1.5932
-0.42425,-8.1623,11.765,-3.4892,1.2603,-1.5949
-0.42785,-8.1751,11.781,-3.4882,1.2568,-1.5966
-0.43138,-8.1879,11.796,-3.4872,1.2533,-1.5984
-0.43484,-8.2007,11.811,-3.4861,1.2499,-1.6002
-0.43824,-8.2136,11.827,-3.4851,1.2465,-1.602
-0.44158,-8.2266,11.842,-3.4839,1.2432,-1.6038
-0.44486,-8.2396,11.857,-3.4828,1.24,-1.6056
-0.44808,-8.2527,11.873,-3.4816,1.2368,-1.6074
-0.45124,-8.2659,11.888,-3.4804,1.2337,-1.6093
-0.45435,-8.2792,11.904,-3.4791,1.2307,-1.6111
-0.4574,-8.2925,11.92,-3.4779,1.2277,-1.613
-0.46039,-8.3059,11.935,-3.4766,1.2248,-1.6149
-0.46334,-8.3194,11.951,-3.4754,1.2219,-1.6168
-0.46622,-8.333,11.967,-3.4741,1.2191,-1.6187
-0.46906,-8.3467,11.983,-3.4728,1.2163,-1.6206
-0.47185,-8.3605,11.999,-3.4715,1.2136,-1.6225
-0.47458,-8.3744,12.015,-3.4703,1.2109,-1.6245
-0.47727,-8.3884,12.032,-3.469,1.2083,-1.6264
-0.47991,-8.4025,12.048,-3.4678,1.2057,-1.6284
-0.4825,-8.4167,12.065,-3.4666,1.2032,-1.6304
-0.48504,-8.4311,12.081,-3.4654,1.2008,-1.6323
-0.48753,-8.4456,12.098,-3.4642,1.1983,-1.6343
-0.48999,-8.4602,12.115,-3.463,1.196,-1.6363
-0.49239,-8.4749,12.132,-3.4619,1.1936,-1.6383
-0.49475,-8.4898,12.15,-3.4609,1.1914,-1.6403
-0.49707,-8.5048,12.167,-3.4598,1.1891,-1.6423
-0.49934,-8.5199,12.185,-3.4588,1.1869,-1.6444
-0.50157,-8.5352,12.203,-3.4579,1.1848,-1.6464
-0.50376,-8.5507,12.221,-3.457,1.1827,-1.6484
-0.50591,-8.5663,12.239,-3.4562,1.1806,-1.6505
-0.50801,-8.5821,12.258,-3.4554,1.1786,-1.6525
-0.51007,-8.598,12.277,-3.4547,1.1766,-1.6546
-0.51209,-8.6141,12.296,-3.4541,1.1747,-1.6566
-0.51406,-8.6304,12.315,-3.4535,1.1728,-1.6587
-0.516,-8.6469,12.335,-3.453,1.171,-1.6607
-0.51789,-8.6635,12.355,-3.4526,1.1692,-1.6628
-0.51974,-8.6803,12.375,-3.4522,1.1674,-1.6649
-0.52155,-8.6973,12.395,-3.4519,1.1657,-1.667
-0.52332,-8.7145,12.415,-3.4516,1.164,-1.669
-0.52505,-8.7318,12.436,-3.4514,1.1624,-1.6711
-0.52673,-8.7494,12.457,-3.4513,1.1608,-1.6732
-0.52837,-8.7671,12.478,-3.4512,1.1593,-1.6753
-0.52997,-8.7851,12.5,-3.4512,1.1578,-1.6774
-0.53153,-8.8032,12.522,-3.4512,1.1563,-1.6794
-0.53304,-8.8215,12.544,-3.4513,1.1549,-1.6815
-0.53451,-8.84,12.566,-3.4514,1.1535,-1.6836
-0.53594,-8.8587,12.588,-3.4515,1.1522,-1.6857
-0.53732,-8.8776,12.611,-3.4516,1.1509,-1.6878
-0.53866,-8.8966,12.634,-3.4517,1.1497,-1.6899
-0.53995,-8.9159,12.657,-3.4518,1.1485,-1.692
-0.5412,-8.9353,12.68,-3.4518,1.1473,-1.6941
-0.5424,-8.9549,12.703,-3.4519,1.1462,-1.6961
-0.54356,-8.9747,12.727,-3.4518,1.1452,-1.6982
-0.54467,-8.9946,12.75,-3.4517,1.1441,-1.7003
-0.54573,-9.0147,12.774,-3.4515,1.1432,-1.7024
-0.54675,-9.035,12.798,-3.4512,1.1423,-1.7044
-0.54772,-9.0554,12.821,-3.4508,1.1414,-1.7065
-0.54864,-9.076,12.845,-3.4502,1.1405,-1.7086
-0.54952,-9.0967,12.869,-3.4495,1.1398,-1.7106
-0.55035,-9.1175,12.893,-3.4486,1.139,-1.7127
-0.55113,-9.1385,12.916,-3.4475,1.1383,-1.7147
-0.55186,-9.1596,12.94,-3.4462,1.1377,-1.7168
-0.55255,-9.1809,12.963,-3.4447,1.1371,-1.7188
-0.55318,-9.2022,12.987,-3.4429,1.1366,-1.7208
-0.55377,-9.2237,13.01,-3.4408,1.1361,-1.7228
-0.55431,-9.2453,13.033,-3.4384,1.1356,-1.7248
-0.5548,-9.267,13.056,-3.4358,1.1352,-1.7268
-0.55524,-9.2889,13.078,-3.4328,1.1348,-1.7288
-0.55563,-9.3108,13.101,-3.4294,1.1345,-1.7308
-0.55598,-9.3328,13.123,-3.4257,1.1342,-1.7327
-0.55627,-9.3549,13.145,-3.4216,1.134,-1.7347
-0.55651,-9.3771,13.166,-3.4171,1.1338,-1.7366
-0.55671,-9.3994,13.188,-3.4122,1.1337,-1.7386
-0.55685,-9.4218,13.209,-3.4068,1.1336,-1.7405
-0.55695,-9.4443,13.229,-3.401,1.1336,-1.7424
-0.55699,-9.4668,13.249,-3.3948,1.1336,-1.7443
-0.55698,-9.4894,13.269,-3.388,1.1337,-1.7461
-0.55692,-9.5121,13.288,-3.3808,1.1338,-1.748
-0.55681,-9.5349,13.307,-3.373,1.134,-1.7498
-0.55664,-9.5577,13.326,-3.3647,1.1342,-1.7516
-0.55643,-9.5806,13.344,-3.3559,1.1344,-1.7534
-0.55615,-9.6035,13.361,-3.3465,1.1347,-1.7552
-0.55583,-9.6266,13.378,-3.3366,1.1351,-1.757
-0.55545,-9.6496,13.395,-3.326,1.1355,-1.7587
-0.55502,-9.6728,13.411,-3.3149,1.1359,-1.7604
-0.55453,-9.6959,13.426,-3.3032,1.1365,-1.7621
-0.55398,-9.7191,13.441,-3.2908,1.137,-1.7638
-0.55338,-9.7424,13.455,-3.2778,1.1376,-1.7654
-0.55272,-9.7657,13.469,-3.2641,1.1383,-1.7671
-0.552,-9.789,13.482,-3.2498,1.139,-1.7686
-0.55122,-9.8123,13.494,-3.2348,1.1398,-1.7702
-0.55038,-9.8357,13.506,-3.2191,1.1406,-1.7718
-0.54948,-9.859,13.517,-3.2027,1.1414,-1.7733
-0.54852,-9.8824,13.527,-3.1856,1.1424,-1.7747
-0.5475,-9.9057,13.537,-3.1678,1.1433,-1.7762
-0.54641,-9.9291,13.546,-3.1492,1.1444,-1.7776
-0.54526,-9.9524,13.554,-3.1299,1.1455,-1.779
-0.54404,-9.9757,13.561,-3.1098,1.1466,-1.7804
-0.54276,-9.9989,13.568,-3.089,1.1478,-1.7817
-0.54141,-10.022,13.573,-3.0674,1.1491,-1.783
-0.53999,-10.045,13.578,-3.045,1.1504,-1.7842
-0.5385,-10.068,13.582,-3.0219,1.1518,-1.7854
-0.53695,-10.091,13.585,-2.9979,1.1532,-1.7866
-0.53533,-10.114,13.587,-2.9732,1.1547,-1.7877
-0.53363,-10.137,13.589,-2.9476,1.1562,-1.7888
-0.53186,-10.159,13.589,-2.9212,1.1578,-1.7899
-0.53003,-10.182,13.589,-2.894,1.1595,-1.7909
-0.52812,-10.204,13.587,-2.8659,1.1612,-1.7918
-0.52613,-10.226,13.584,-2.837,1.163,-1.7927
-0.52407,-10.248,13.581,-2.8073,1.1649,-1.7936
-0.52194,-10.27,13.576,-2.7768,1.1668,-1.7944
-0.51973,-10.291,13.571,-2.7454,1.1687,-1.7952
-0.51745,-10.312,13.564,-2.7131,1.1708,-1.796
-0.51509,-10.333,13.556,-2.68,1.1729,-1.7966
-0.51265,-10.354,13.547,-2.646,1.175,-1.7973
-0.51014,-10.374,13.537,-2.6112,1.1772,-1.7979
-0.50754,-10.394,13.525,-2.5755,1.1795,-1.7984
-0.50487,-10.414,13.513,-2.539,1.1818,-1.7989
-0.50212,-10.433,13.499,-2.5016,1.1842,-1.7993
-0.49928,-10.452,13.484,-2.4633,1.1867,-1.7996
-0.49636,-10.471,13.468,-2.4242,1.1892,-1.7999
-0.49336,-10.489,13.45,-2.3842,1.1918,-1.8002
-0.49028,-10.506,13.431,-2.3433,1.1944,-1.8004
-0.4871,-10.523,13.411,-2.3015,1.1971,-1.8005
-0.48383,-10.54,13.39,-2.2589,1.1999,-1.8005
-0.48048,-10.556,13.367,-2.2154,1.2027,-1.8005
-0.47702,-10.571,13.342,-2.171,1.2057,-1.8004
-0.47347,-10.586,13.317,-2.1257,1.2086,-1.8002
-0.46981,-10.6,13.289,-2.0795,1.2117,-1.8
-0.46604,-10.614,13.261,-2.0325,1.2149,-1.7996
-0.46216,-10.627,13.23,-1.9845,1.2181,-1.7992
-0.45816,-10.64,13.199,-1.9356,1.2214,-1.7987
-0.45402,-10.652,13.166,-1.8859,1.2248,-1.7981
-0.44975,-10.663,13.131,-1.8352,1.2283,-1.7973
-0.44532,-10.674,13.095,-1.7837,1.2319,-1.7965
-0.44072,-10.684,13.057,-1.7313,1.2357,-1.7955
-0.43595,-10.693,13.018,-1.678,1.2396,-1.7944
-0.43097,-10.702,12.977,-1.6239,1.2436,-1.7931
-0.42576,-10.71,12.935,-1.569,1.2478,-1.7917
-0.4203,-10.717,12.892,-1.5133,1.2522,-1.79
-0.41456,-10.725,12.847,-1.4569,1.2567,-1.7881
-0.40848,-10.731,12.802,-1.3999,1.2616,-1.786
-0.40204,-10.738,12.755,-1.3424,1.2667,-1.7836
-0.39516,-10.744,12.708,-1.2844,1.2721,-1.7809
-0.3878,-10.749,12.66,-1.2261,1.2779,-1.7778
-0.37987,-10.755,12.612,-1.1676,1.2841,-1.7744
-0.3713,-10.761,12.564,-1.1091,1.2907,-1.7704
-0.362,-10.767,12.516,-1.0507,1.2979,-1.7659
-0.35188,-10.773,12.468,-0.99259,1.3057,-1.7608
-0.34087,-10.78,12.422,-0.9349,1.3142,-1.7551
-0.32889,-10.787,12.376,-0.87778,1.3233,-1.7486
-0.31588,-10.795,12.332,-0.82135,1.3332,-1.7414
-0.30183,-10.803,12.289,-0.7657,1.3439,-1.7334
-0.28674,-10.813,12.247,-0.71091,1.3552,-1.7246
-0.27069,-10.823,12.208,-0.65703,1.3673,-1.715
-0.25376,-10.834,12.17,-0.60406,1.38,-1.7047
-0.23613,-10.846,12.133,-0.55201,1.3931,-1.6939
-0.21799,-10.858,12.099,-0.50085,1.4066,-1.6825
-0.19953,-10.871,12.066,-0.45058,1.4203,-1.6708
-0.18099,-10.885,12.034,-0.40115,1.434,-1.6589
-0.16257,-10.9,12.004,-0.35255,1.4475,-1.647
-0.14445,-10.915,11.975,-0.30476,1.4608,-1.6351
-0.12679,-10.931,11.948,-0.25776,1.4736,-1.6234
-0.1097,-10.947,11.922,-0.21155,1.486,-1.612
-0.093258,-10.964,11.897,-0.16613,1.4979,-1.6009
-0.077514,-10.982,11.873,-0.12152,1.5093,-1.5902
-0.062493,-11,11.851,-0.07773,1.5201,-1.5799
-0.048198,-11.018,11.831,-0.034771,1.5303,-1.57
-0.034619,-11.037,11.811,0.0073388,1.5399,-1.5605
-0.021736,-11.057,11.793,0.048582,1.5491,-1.5514
-0.0095215,-11.077,11.776,0.088942,1.5577,-1.5428
0.0020548,-11.097,11.761,0.1284,1.5658,-1.5345
0.013025,-11.118,11.747,0.16695,1.5735,-1.5266
0.023423,-11.14,11.734,0.20456,1.5808,-1.519
0.033279,-11.162,11.723,0.24124,1.5876,-1.5118
0.042625,-11.184,11.713,0.27695,1.594,-1.5049
0.05149,-11.207,11.705,0.3117,1.6001,-1.4983
0.059902,-11.23,11.698,0.34547,1.6059,-1.492
0.067887,-11.254,11.692,0.37825,1.6113,-1.486
0.075469,-11.278,11.688,0.41003,1.6165,-1.4802
0.082669,-11.303,11.685,0.44081,1.6213,-1.4747
0.08951,-11.327,11.683,0.47057,1.6259,-1.4694
0.09601,-11.352,11.683,0.49931,1.6303,-1.4643
0.10219,-11.378,11.684,0.52703,1.6344,-1.4595
0.10806,-11.404,11.686,0.55372,1.6383,-1.4548
0.11364,-11.43,11.69,0.57937,1.642,-1.4503
0.11894,-11.456,11.694,0.60399,1.6454,-1.4461
0.12398,-11.483,11.701,0.62757,1.6487,-1.4419
0.12877,-11.509,11.708,0.6501,1.6518,-1.438
0.13332,-11.536,11.717,0.6716,1.6548,-1.4342
0.13765,-11.564,11.727,0.69207,1.6576,-1.4306
0.14175,-11.591,11.738,0.71149,1.6602,-1.4271
0.14565,-11.619,11.75,0.72989,1.6627,-1.4238
0.14935,-11.647,11.764,0.74725,1.665,-1.4206
0.15286,-11.675,11.779,0.7636,1.6672,-1.4175
0.15619,-11.703,11.795,0.77893,1.6693,-1.4146
0.15934,-11.731,11.812,0.79324,1.6712,-1.4117
0.16233,-11.759,11.83,0.80656,1.673,-1.409
0.16515,-11.788,11.849,0.81889,1.6748,-1.4065
0.16782,-11.817,11.87,0.83024,1.6764,-1.404
